Group,PositivePredictionRate,Recall,FalsePositiveRate
Male,0.3235294117647059,0.5806451612903226,0.2112676056338028
Female,0.47368421052631576,0.8333333333333334,0.3076923076923077
